_update_graph,1784642608.5811734
_update_graph,1784642608.6508129
_update_graph,1784642608.6974616
_update_graph,1784642608.7446208
_update_graph,1784642608.7898412
_update_graph,1784642608.8341026
_update_graph,1784642608.8811822
_update_graph,1784642608.9258425
_update_graph,1784642608.970446
_update_graph,1784642609.0154703
_update_graph,1784642609.060366
_update_graph,1784642609.105434
_update_graph,1784642609.14986
_update_graph,1784642609.1957147
_update_graph,1784642609.2417464
_update_graph,1784642609.2901397
_update_graph,1784642609.3355322
_update_graph,1784642609.3835113
_update_graph,1784642609.4304242
_update_graph,1784642609.474803
_update_graph,1784642609.5196502
_update_graph,1784642609.5643072
_update_graph,1784642609.6093652
_update_graph,1784642609.6536236
_update_graph,1784642609.7007108
_update_graph,1784642609.746131
_update_graph,1784642609.7905571
_update_graph,1784642609.8351567
_update_graph,1784642609.8826814
_update_graph,1784642609.928906
_update_graph,1784642609.9743161
_update_graph,1784642610.018979
_update_graph,1784642610.0645332
_update_graph,1784642610.1089125
_update_graph,1784642610.1537175
_update_graph,1784642610.2013385
_update_graph,1784642610.2489588
_update_graph,1784642610.2975411
_update_graph,1784642610.343561
_update_graph,1784642610.3880894
_update_graph,1784642610.4336088
_update_graph,1784642610.4776316
_update_graph,1784642610.5226643
_update_graph,1784642610.5690866
_update_graph,1784642610.615885
_update_graph,1784642610.6619003
_update_graph,1784642610.7080386
_update_graph,1784642610.7546966
_update_graph,1784642610.8020053
_update_graph,1784642610.848568
_update_graph,1784642610.895374
_update_graph,1784642610.9421282
_update_graph,1784642610.9879687
_update_graph,1784642611.0351808
_update_graph,1784642611.08188
_update_graph,1784642611.1287296
_update_graph,1784642611.1746283
_update_graph,1784642611.2200968
_update_graph,1784642611.2678657
_update_graph,1784642611.314766
_update_graph,1784642611.3609157
_update_graph,1784642611.4086862
_update_graph,1784642611.4574907
_update_graph,1784642611.5039737
_update_graph,1784642611.5512395
_update_graph,1784642611.599344
_update_graph,1784642611.6461604
_update_graph,1784642611.6926966
_update_graph,1784642611.7388554
_update_graph,1784642611.7863731
_update_graph,1784642611.8339438
_update_graph,1784642611.8813527
_update_graph,1784642611.927943
_update_graph,1784642611.9749935
_update_graph,1784642612.0212612
_update_graph,1784642612.0679133
_update_graph,1784642612.1152217
_update_graph,1784642612.1623225
_update_graph,1784642612.2080095
_update_graph,1784642612.2542095
_update_graph,1784642612.3037333
_update_graph,1784642612.349573
_update_graph,1784642612.3961473
_update_graph,1784642612.4458826
_update_graph,1784642612.4938498
_update_graph,1784642612.540592
_update_graph,1784642612.5877807
_update_graph,1784642612.635074
_update_graph,1784642612.682175
_update_graph,1784642612.7292807
_update_graph,1784642612.7773755
_update_graph,1784642612.826181
_update_graph,1784642612.874549
_update_graph,1784642612.921887
_update_graph,1784642612.9696894
_update_graph,1784642613.018565
_update_graph,1784642613.065535
_update_graph,1784642613.1125796
_update_graph,1784642613.160228
_update_graph,1784642613.2078388
_update_graph,1784642613.2548153
_update_graph,1784642613.302725
_update_graph,1784642613.3516529
_update_graph,1784642613.3991306
_update_graph,1784642613.446321
_update_graph,1784642613.4938345
_update_graph,1784642613.5410604
_update_graph,1784642613.5890834
_update_graph,1784642613.6366057
_update_graph,1784642613.6840577
_update_graph,1784642613.7305236
_update_graph,1784642613.7780154
_update_graph,1784642613.8255467
_update_graph,1784642613.8747394
_update_graph,1784642613.9220304
_update_graph,1784642613.96868
_update_graph,1784642614.015291
_update_graph,1784642614.0618308
_update_graph,1784642614.1079903
_update_graph,1784642614.1550684
_update_graph,1784642614.202325
_update_graph,1784642614.2497573
_update_graph,1784642614.297442
_update_graph,1784642614.3445637
_update_graph,1784642614.395637
_update_graph,1784642614.4422789
_update_graph,1784642614.4912522
_update_graph,1784642614.5368624
_update_graph,1784642614.5831263
_update_graph,1784642614.629572
_update_graph,1784642614.6765432
_update_graph,1784642614.7230809
_update_graph,1784642614.7699428
_update_graph,1784642614.8161607
_update_graph,1784642614.86136
_update_graph,1784642614.9074247
_update_graph,1784642614.9537268
_update_graph,1784642615.0017128
_update_graph,1784642615.0482354
_update_graph,1784642615.0949762
_update_graph,1784642615.141191
_update_graph,1784642615.1874192
_update_graph,1784642615.2337058
_update_graph,1784642615.2807455
_update_graph,1784642615.329171
_update_graph,1784642615.3764021
_update_graph,1784642615.4228034
_update_graph,1784642615.4698207
_update_graph,1784642615.5194712
_update_graph,1784642615.566742
_update_graph,1784642615.6135592
_update_graph,1784642615.660018
_update_graph,1784642615.7064118
_update_graph,1784642615.7528548
_update_graph,1784642615.7992218
_update_graph,1784642615.8460412
_update_graph,1784642615.8922596
_update_graph,1784643259.238246
_update_graph,1784643259.2997613
_update_leds,1784643259.343446
_update_graph,1784643259.3436072
_update_leds,1784643259.3908126
_update_graph,1784643259.3910136
_update_leds,1784643259.4362206
_update_graph,1784643259.436357
_update_leds,1784643259.4813244
_update_graph,1784643259.4815001
_update_leds,1784643259.526937
_update_graph,1784643259.5270545
_update_leds,1784643259.5729518
_update_graph,1784643259.573099
_update_leds,1784643259.6169186
_update_graph,1784643259.6170456
_update_leds,1784643259.6649616
_update_graph,1784643259.6651492
_update_leds,1784643259.709104
_update_graph,1784643259.7092233
_update_leds,1784643259.7528646
_update_graph,1784643259.7530344
_update_leds,1784643259.797856
_update_graph,1784643259.7979903
_update_leds,1784643259.8446565
_update_graph,1784643259.8448124
_update_leds,1784643259.8891656
_update_graph,1784643259.8892891
_update_leds,1784643259.933725
_update_graph,1784643259.9338584
_update_leds,1784643259.9794893
_update_graph,1784643259.9796557
_update_leds,1784643260.025386
_update_graph,1784643260.0255182
_update_leds,1784643260.070529
_update_graph,1784643260.0706608
_update_leds,1784643260.115867
_update_graph,1784643260.1160722
_update_leds,1784643260.1602921
_update_graph,1784643260.160458
_update_leds,1784643260.2088232
_update_graph,1784643260.2089837
_update_leds,1784643260.253391
_update_graph,1784643260.2535405
_update_leds,1784643260.2982972
_update_graph,1784643260.298423
_update_leds,1784643260.3446996
_update_graph,1784643260.3448303
_update_leds,1784643260.3886106
_update_graph,1784643260.3887682
_update_leds,1784643260.4343839
_update_graph,1784643260.4345102
_update_leds,1784643260.478528
_update_graph,1784643260.4786773
_update_leds,1784643260.5224543
_update_graph,1784643260.5225847
_update_leds,1784643260.5674398
_update_graph,1784643260.5676076
_update_leds,1784643260.613266
_update_graph,1784643260.6134374
_update_leds,1784643260.6592684
_update_graph,1784643260.659388
_update_leds,1784643260.7040405
_update_graph,1784643260.7041664
_update_leds,1784643260.748774
_update_graph,1784643260.7489557
_update_leds,1784643260.792777
_update_graph,1784643260.7929325
_update_leds,1784643260.8366542
_update_graph,1784643260.8367786
_update_leds,1784643260.8812125
_update_graph,1784643260.881352
_update_leds,1784643260.9270236
_update_graph,1784643260.9271712
_update_leds,1784643260.9724014
_update_graph,1784643260.9725282
_update_leds,1784643261.0168436
_update_graph,1784643261.0170078
_update_leds,1784643261.0610743
_update_graph,1784643261.0612051
_update_leds,1784643261.106183
_update_graph,1784643261.1063182
_update_leds,1784643261.1506286
_update_graph,1784643261.1507838
_update_leds,1784643261.1950717
_update_graph,1784643261.1952112
_update_leds,1784643261.2414863
_update_graph,1784643261.2416215
_update_leds,1784643261.2856214
_update_graph,1784643261.2857528
_update_leds,1784643261.3297977
_update_graph,1784643261.3299608
_update_leds,1784643261.3748755
_update_graph,1784643261.3750517
_update_leds,1784643261.4214697
_update_graph,1784643261.4216006
_update_leds,1784643261.4652557
_update_graph,1784643261.465424
_update_leds,1784643261.509117
_update_graph,1784643261.5092452
start_simulation,1784643261.5516624
_update_graph,1784643261.5525115
_update_leds,1784643261.6013184
_update_graph,1784643261.6026173
_update_leds,1784643261.6470497
_update_graph,1784643261.6478145
_update_leds,1784643261.693709
_update_graph,1784643261.6949923
_update_leds,1784643261.7401853
_update_graph,1784643261.7414575
_update_leds,1784643261.7866921
_update_graph,1784643261.7874787
_update_leds,1784643261.8324122
_update_graph,1784643261.8336258
_update_leds,1784643261.878274
_update_graph,1784643261.8792183
_update_leds,1784643261.925316
_update_graph,1784643261.9266293
_update_leds,1784643261.9717703
_update_graph,1784643261.9730978
_update_leds,1784643262.0187345
_update_graph,1784643262.0196066
_update_leds,1784643262.0656016
_update_graph,1784643262.0668125
_update_leds,1784643262.1128013
_update_graph,1784643262.1140223
_update_leds,1784643262.1594784
_update_graph,1784643262.1607323
_update_leds,1784643262.2053769
_update_graph,1784643262.2065833
_update_leds,1784643262.252057
_update_graph,1784643262.253331
_update_leds,1784643262.2981117
_update_graph,1784643262.2988837
_update_leds,1784643262.3435612
_update_graph,1784643262.3448362
_update_leds,1784643262.3899643
_update_graph,1784643262.3907979
_update_leds,1784643262.4363706
_update_graph,1784643262.437572
_update_leds,1784643262.482142
_update_graph,1784643262.4832673
_update_leds,1784643262.5283835
_update_graph,1784643262.5296676
_update_leds,1784643262.5745838
_update_graph,1784643262.5758762
_update_leds,1784643262.6206176
_update_graph,1784643262.6214776
_update_leds,1784643262.6674707
_update_graph,1784643262.6690454
_update_leds,1784643262.7162428
_update_graph,1784643262.7174983
_update_leds,1784643262.7631738
_update_graph,1784643262.7643812
_update_leds,1784643262.809424
_update_graph,1784643262.8106196
_update_leds,1784643262.8554215
_update_graph,1784643262.8563051
_update_leds,1784643262.9010518
_update_graph,1784643262.9023478
_update_leds,1784643262.9476662
_update_graph,1784643262.9485552
_update_leds,1784643262.9934034
_update_graph,1784643262.9945138
_update_leds,1784643263.039548
_update_graph,1784643263.0409043
_update_leds,1784643263.0851498
_update_graph,1784643263.0859988
_update_leds,1784643263.1311526
_update_graph,1784643263.132451
_update_leds,1784643263.1767526
_update_graph,1784643263.177873
_update_leds,1784643263.2244828
_update_graph,1784643263.225739
_update_leds,1784643263.2730646
_update_graph,1784643263.2744753
_update_leds,1784643263.3216
_update_graph,1784643263.3233435
_update_leds,1784643263.3696713
_update_graph,1784643263.3710415
_update_leds,1784643263.4173276
_update_graph,1784643263.418159
_update_leds,1784643263.4663212
_update_graph,1784643263.467599
_update_leds,1784643263.514035
_update_graph,1784643263.515287
_update_leds,1784643263.5614603
_update_graph,1784643263.562736
_update_leds,1784643263.6094816
_update_graph,1784643263.6107843
_update_leds,1784643263.656611
_update_graph,1784643263.657729
_update_leds,1784643263.7056031
_update_graph,1784643263.7070713
_update_leds,1784643263.752595
_update_graph,1784643263.7539375
_update_leds,1784643263.8001432
_update_graph,1784643263.801548
_update_leds,1784643263.8470974
_update_graph,1784643263.8479283
_update_leds,1784643263.8941329
_update_graph,1784643263.8954387
_update_leds,1784643263.9415886
_update_graph,1784643263.9429543
_update_leds,1784643263.9898279
_update_graph,1784643263.9905846
_update_leds,1784643264.0360365
_update_graph,1784643264.0374396
_update_leds,1784643264.0828762
_update_graph,1784643264.0837574
_update_leds,1784643264.1294575
_update_graph,1784643264.1307697
_update_leds,1784643264.176665
_update_graph,1784643264.1774457
_update_leds,1784643264.2233982
_update_graph,1784643264.224983
_update_leds,1784643264.272212
_update_graph,1784643264.2735674
_update_leds,1784643264.3205147
_update_graph,1784643264.3218544
_update_leds,1784643264.369609
_update_graph,1784643264.3709574
_update_leds,1784643264.418008
_update_graph,1784643264.4196968
_update_leds,1784643264.4669552
_update_graph,1784643264.4683843
_update_leds,1784643264.5174549
_update_graph,1784643264.5188553
_update_leds,1784643264.5654821
_update_graph,1784643264.5663247
_update_leds,1784643264.6147902
_update_graph,1784643264.615957
_update_leds,1784643264.6630814
_update_graph,1784643264.664323
_update_leds,1784643264.7122486
_update_graph,1784643264.7135026
_update_leds,1784643264.7600174
_update_graph,1784643264.7612798
_update_leds,1784643264.8065212
_update_graph,1784643264.8077297
_update_leds,1784643264.8537207
_update_graph,1784643264.854645
_update_leds,1784643264.9006393
_update_graph,1784643264.9019063
_update_leds,1784643264.948005
_update_graph,1784643264.9493656
_update_leds,1784643264.9952896
_update_graph,1784643264.9962091
_update_leds,1784643265.0434735
_update_graph,1784643265.044736
_update_leds,1784643265.0897305
_update_graph,1784643265.09107
_update_leds,1784643265.1373706
_update_graph,1784643265.1385722
_update_leds,1784643265.184579
_update_graph,1784643265.1858594
_update_leds,1784643265.2324388
_update_graph,1784643265.2340271
_update_leds,1784643265.2799165
_update_graph,1784643265.281292
_update_leds,1784643265.3309515
_update_graph,1784643265.3325095
_update_leds,1784643265.378052
_update_graph,1784643265.3792374
_update_leds,1784643265.4252834
_update_graph,1784643265.4265065
_update_leds,1784643265.4743025
_update_graph,1784643265.4756422
_update_leds,1784643265.5231752
_update_graph,1784643265.5241106
_update_leds,1784643265.5733116
_update_graph,1784643265.5751712
_update_leds,1784643265.6201785
_update_graph,1784643265.62154
_update_leds,1784643265.666412
_update_graph,1784643265.667691
_update_leds,1784643265.712612
_update_graph,1784643265.7134578
_update_leds,1784643265.7588053
_update_graph,1784643265.7599006
_update_leds,1784643265.805702
_update_graph,1784643265.8065977
_update_leds,1784643265.8518915
_update_graph,1784643265.8533154
_update_leds,1784643265.8980715
_update_graph,1784643265.8993447
_update_leds,1784643265.944026
_update_graph,1784643265.9452882
_update_leds,1784643265.9905467
_update_graph,1784643265.9919965
_update_leds,1784643266.0367503
_update_graph,1784643266.037605
_update_leds,1784643266.0835118
_update_graph,1784643266.0852292
_update_leds,1784643266.1297581
_update_graph,1784643266.1309576
_update_leds,1784643266.1754024
_update_graph,1784643266.1766708
_update_leds,1784643266.221343
_update_graph,1784643266.222639
_update_leds,1784643266.2677212
_update_graph,1784643266.2685583
_update_leds,1784643266.313292
_update_graph,1784643266.3147912
_update_leds,1784643266.359853
_update_graph,1784643266.3607252
_update_leds,1784643266.4057095
_update_graph,1784643266.4070947
_update_leds,1784643266.4524472
_update_graph,1784643266.4538078
_update_leds,1784643266.5001519
_update_graph,1784643266.5015268
_update_leds,1784643266.5473764
_update_graph,1784643266.5486436
_update_leds,1784643266.5966759
_update_graph,1784643266.5978777
_update_leds,1784643266.643735
_update_graph,1784643266.6450076
_update_leds,1784643266.6912186
_update_graph,1784643266.6924112
_update_leds,1784643266.738868
_update_graph,1784643266.739763
_update_leds,1784643266.7847464
_update_graph,1784643266.7865458
_update_leds,1784643266.83144
_update_graph,1784643266.832725
_update_leds,1784643266.8773236
_update_graph,1784643266.878576
_update_leds,1784643266.9230504
_update_graph,1784643266.9243536
_update_leds,1784643266.9695835
_update_graph,1784643266.9704022
_update_leds,1784643267.0154824
_update_graph,1784643267.0168095
_update_leds,1784643267.0613642
_update_graph,1784643267.0621648
_update_leds,1784643267.1084986
_update_graph,1784643267.109263
_update_leds,1784643267.154285
_update_graph,1784643267.1555274
_update_leds,1784643267.2005048
_update_graph,1784643267.2018678
_update_leds,1784643267.2467422
_update_graph,1784643267.2477167
_update_leds,1784643267.2930264
_update_graph,1784643267.29389
_update_leds,1784643267.338942
_update_graph,1784643267.340383
_update_leds,1784643267.3854165
_update_graph,1784643267.386404
_update_leds,1784643267.4314387
_update_graph,1784643267.432712
_update_leds,1784643267.4782615
_update_graph,1784643267.4795027
_update_leds,1784643267.5250266
_update_graph,1784643267.525813
_update_leds,1784643267.5707433
_update_graph,1784643267.5720277
_update_leds,1784643267.6171522
_update_graph,1784643267.617954
_update_leds,1784643267.6629283
_update_graph,1784643267.6642337
_update_leds,1784643267.7089489
_update_graph,1784643267.710371
_update_leds,1784643267.755616
_update_graph,1784643267.7569516
_update_leds,1784643267.8027172
_update_graph,1784643267.804001
_update_leds,1784643267.8494053
_update_graph,1784643267.8507092
_update_leds,1784643267.8963976
_update_graph,1784643267.8976004
_update_leds,1784643267.9426885
_update_graph,1784643267.9435072
_update_leds,1784643267.9888086
_update_graph,1784643267.9901109
_update_leds,1784643268.0347455
_update_graph,1784643268.0356388
_update_leds,1784643268.080673
_update_graph,1784643268.0814576
_update_leds,1784643268.126892
_update_graph,1784643268.1283572
_update_leds,1784643268.1729908
_update_graph,1784643268.173821
_update_leds,1784643268.2192216
_update_graph,1784643268.2205546
_update_leds,1784643268.26555
_update_graph,1784643268.2664056
_update_leds,1784643268.3112361
_update_graph,1784643268.3124661
_update_leds,1784643268.35768
_update_graph,1784643268.358939
_update_leds,1784643268.4038215
_update_graph,1784643268.40522
_update_leds,1784643268.4505696
_update_graph,1784643268.451795
_update_leds,1784643268.4969976
_update_graph,1784643268.4977617
_update_leds,1784643268.54376
_update_graph,1784643268.5446362
_update_leds,1784643268.5903485
_update_graph,1784643268.5917287
_update_leds,1784643268.6383893
_update_graph,1784643268.6393204
_update_leds,1784643268.6845672
_update_graph,1784643268.6860023
_update_leds,1784643268.7307453
_update_graph,1784643268.7316647
_update_leds,1784643268.7770412
_update_graph,1784643268.778245
_update_leds,1784643268.8229568
_update_graph,1784643268.824097
_update_leds,1784643268.869208
_update_graph,1784643268.8700051
_update_leds,1784643268.915277
_update_graph,1784643268.916626
_update_leds,1784643268.961596
_update_graph,1784643268.9624295
_update_leds,1784643269.0075843
_update_graph,1784643269.008348
_update_leds,1784643269.0529187
_update_graph,1784643269.0545118
_update_leds,1784643269.09862
_update_graph,1784643269.0994215
_update_leds,1784643269.1446164
_update_graph,1784643269.145826
_update_leds,1784643269.1900566
_update_graph,1784643269.1913736
_update_leds,1784643269.2350478
_update_graph,1784643269.2359042
_update_leds,1784643269.2809494
_update_graph,1784643269.2823234
_update_leds,1784643269.3267238
_update_graph,1784643269.327638
_update_leds,1784643269.3718915
_update_graph,1784643269.3731754
_update_leds,1784643269.4177928
_update_graph,1784643269.41908
_update_leds,1784643269.4631033
_update_graph,1784643269.46432
_update_leds,1784643269.5088277
_update_graph,1784643269.5096767
_update_leds,1784643269.5549855
_update_graph,1784643269.5562472
_update_leds,1784643269.602273
_update_graph,1784643269.603633
_update_leds,1784643269.6491494
_update_graph,1784643269.6501215
_update_leds,1784643269.6951473
_update_graph,1784643269.69643
_update_leds,1784643269.7429538
_update_graph,1784643269.74413
_update_leds,1784643269.788777
_update_graph,1784643269.7901988
_update_leds,1784643269.8346531
_update_graph,1784643269.8359663
_update_leds,1784643269.8806055
_update_graph,1784643269.8818521
_update_leds,1784643269.926785
_update_graph,1784643269.9279559
_update_leds,1784643269.9960287
_update_graph,1784643269.9973533
_update_leds,1784643270.0492237
_update_graph,1784643270.0504434
_update_leds,1784643270.0962849
_update_graph,1784643270.0974877
_update_leds,1784643270.1426547
_update_graph,1784643270.1437614
_update_leds,1784643270.1894317
_update_graph,1784643270.1909792
_update_leds,1784643270.2470863
_update_graph,1784643270.2482183
_update_leds,1784643270.310137
_update_graph,1784643270.3117306
_update_leds,1784643270.3642902
_update_graph,1784643270.365598
_update_leds,1784643270.4107108
_update_graph,1784643270.4119747
_update_leds,1784643270.4579537
_update_graph,1784643270.4592187
_update_leds,1784643270.5042608
_update_graph,1784643270.5050273
_update_leds,1784643270.5497098
_update_graph,1784643270.550865
_update_leds,1784643270.5956595
_update_graph,1784643270.5964656
_update_leds,1784643270.6412892
_update_graph,1784643270.64253
_update_leds,1784643270.6868265
_update_graph,1784643270.688007
_update_leds,1784643270.7345297
_update_graph,1784643270.7355657
_update_leds,1784643270.7830324
_update_graph,1784643270.784537
_update_leds,1784643270.8304179
_update_graph,1784643270.8312864
_update_leds,1784643270.875649
_update_graph,1784643270.8765156
_update_leds,1784643270.9214566
_update_graph,1784643270.922922
_update_leds,1784643270.9686682
_update_graph,1784643270.970027
_update_leds,1784643271.0148146
_update_graph,1784643271.0156415
_update_leds,1784643271.060956
_update_graph,1784643271.0621908
_update_leds,1784643271.1062999
_update_graph,1784643271.10748
_update_leds,1784643271.1511528
_update_graph,1784643271.1525002
_update_leds,1784643271.1972253
_update_graph,1784643271.1985095
_update_leds,1784643271.2436807
_update_graph,1784643271.2444515
_update_leds,1784643271.2894306
_update_graph,1784643271.2906852
_update_leds,1784643271.3354282
_update_graph,1784643271.336758
_update_leds,1784643271.3811784
_update_graph,1784643271.3824174
_update_leds,1784643271.4270477
_update_graph,1784643271.4282596
_update_leds,1784643271.473982
_update_graph,1784643271.4751527
_update_leds,1784643271.5193014
_update_graph,1784643271.5201461
_update_leds,1784643271.56451
_update_graph,1784643271.5657868
_update_leds,1784643271.6104488
_update_graph,1784643271.6112628
_update_leds,1784643271.656075
_update_graph,1784643271.6568391
_update_leds,1784643271.7015882
_update_graph,1784643271.7028825
_update_leds,1784643271.7480567
_update_graph,1784643271.7488716
_update_leds,1784643271.7942016
_update_graph,1784643271.7954938
_update_leds,1784643271.841246
_update_graph,1784643271.8424091
_update_leds,1784643271.8874059
_update_graph,1784643271.8886628
_update_leds,1784643271.9328306
_update_graph,1784643271.9340792
_update_leds,1784643271.978747
_update_graph,1784643271.9795809
_update_leds,1784643272.0247078
_update_graph,1784643272.0259197
_update_leds,1784643272.0702274
_update_graph,1784643272.0716016
_update_leds,1784643272.1160307
_update_graph,1784643272.1168225
_update_leds,1784643272.1617224
_update_graph,1784643272.1629179
_update_leds,1784643272.2080753
_update_graph,1784643272.208819
_update_leds,1784643272.2569335
_update_graph,1784643272.2584236
_update_graph,1784643689.8201578
_update_graph,1784643689.8817859
_update_leds,1784643689.9264638
_update_graph,1784643689.9265754
_update_leds,1784643689.973796
_update_graph,1784643689.9739537
_update_leds,1784643690.0186844
_update_graph,1784643690.0188005
_update_leds,1784643690.0652149
_update_graph,1784643690.0653481
_update_leds,1784643690.1112866
_update_graph,1784643690.1114228
_update_leds,1784643690.1570344
_update_graph,1784643690.1571536
_update_leds,1784643690.2013052
_update_graph,1784643690.2014732
_update_leds,1784643690.2464013
_update_graph,1784643690.246512
_update_leds,1784643690.2908862
_update_graph,1784643690.2910552
_update_leds,1784643690.3358219
_update_graph,1784643690.3359702
_update_leds,1784643690.3810637
_update_graph,1784643690.3811743
_update_leds,1784643690.4263065
_update_graph,1784643690.4264243
_update_leds,1784643690.470861
_update_graph,1784643690.470984
_update_leds,1784643690.515554
_update_graph,1784643690.5156627
_update_leds,1784643690.5604165
_update_graph,1784643690.5605524
_update_leds,1784643690.605057
_update_graph,1784643690.6052105
_update_leds,1784643690.6497805
_update_graph,1784643690.6499019
_update_leds,1784643690.6949518
_update_graph,1784643690.6951106
_update_leds,1784643690.7400146
_update_graph,1784643690.740147
_update_leds,1784643690.7842548
_update_graph,1784643690.784385
_update_leds,1784643690.8284485
_update_graph,1784643690.828597
_update_leds,1784643690.8719707
_update_graph,1784643690.8721266
_update_leds,1784643690.916036
_update_graph,1784643690.9161427
_update_leds,1784643690.9615972
_update_graph,1784643690.9617732
_update_leds,1784643691.0062196
_update_graph,1784643691.0063713
_update_leds,1784643691.0506427
_update_graph,1784643691.0507925
_update_leds,1784643691.1064105
_update_graph,1784643691.1065733
_update_leds,1784643691.1524687
_update_graph,1784643691.1525881
_update_leds,1784643691.198721
_update_graph,1784643691.1988554
_update_leds,1784643691.243801
_update_graph,1784643691.24394
_update_leds,1784643691.2901878
_update_graph,1784643691.2903018
_update_leds,1784643691.3352563
_update_graph,1784643691.3353946
_update_leds,1784643691.3809507
_update_graph,1784643691.3810787
_update_leds,1784643691.4266045
_update_graph,1784643691.4267583
_update_leds,1784643691.4717708
_update_graph,1784643691.471906
start_simulation,1784643691.515185
_update_graph,1784643691.5159924
_update_leds,1784643691.5617352
_update_graph,1784643691.563068
_update_leds,1784643691.6090102
_update_graph,1784643691.6103346
_update_leds,1784643691.6548321
_update_graph,1784643691.655677
_update_leds,1784643691.7004368
_update_graph,1784643691.701666
_update_leds,1784643691.757201
_update_graph,1784643691.758456
_update_leds,1784643691.803401
_update_graph,1784643691.8047643
_update_leds,1784643691.850649
_update_graph,1784643691.8515
_update_leds,1784643691.8971212
_update_graph,1784643691.8984838
_update_leds,1784643691.9455597
_update_graph,1784643691.9468572
_update_leds,1784643691.9920535
_update_graph,1784643691.9933116
_update_leds,1784643692.03808
_update_graph,1784643692.0393953
_update_leds,1784643692.0846052
_update_graph,1784643692.0858104
_update_leds,1784643692.130882
_update_graph,1784643692.132118
_update_leds,1784643692.1774132
_update_graph,1784643692.1787164
_update_leds,1784643692.2247198
_update_graph,1784643692.2259345
_update_leds,1784643692.2724075
_update_graph,1784643692.2732184
_update_leds,1784643692.3189716
_update_graph,1784643692.3201332
_update_leds,1784643692.3646874
_update_graph,1784643692.3655016
_update_leds,1784643692.412167
_update_graph,1784643692.4132962
_update_leds,1784643692.4585648
_update_graph,1784643692.459744
_update_leds,1784643692.505234
_update_graph,1784643692.506045
_update_leds,1784643692.5513232
_update_graph,1784643692.5528028
_update_leds,1784643692.5988863
_update_graph,1784643692.5997975
_update_leds,1784643692.6462724
_update_graph,1784643692.6475472
_update_leds,1784643692.6937556
_update_graph,1784643692.6950388
_update_leds,1784643692.740491
_update_graph,1784643692.7412467
_update_leds,1784643692.7868552
_update_graph,1784643692.7882972
_update_leds,1784643692.8336253
_update_graph,1784643692.834668
_update_leds,1784643692.8807569
_update_graph,1784643692.8821177
_update_leds,1784643692.9327652
_update_graph,1784643692.9341297
_update_leds,1784643692.97911
_update_graph,1784643692.979873
_update_leds,1784643693.02569
_update_graph,1784643693.026539
_update_leds,1784643693.0723555
_update_graph,1784643693.0731938
_update_leds,1784643693.1224003
_update_graph,1784643693.1237144
_update_leds,1784643693.1690497
_update_graph,1784643693.170459
_update_leds,1784643693.2157383
_update_graph,1784643693.2171462
_update_leds,1784643693.2628503
_update_graph,1784643693.2637053
_update_leds,1784643693.310078
_update_graph,1784643693.3113737
_update_leds,1784643693.3569372
_update_graph,1784643693.3581095
_update_leds,1784643693.403598
_update_graph,1784643693.4044254
_update_leds,1784643693.45106
_update_graph,1784643693.4524179
_update_leds,1784643693.4977446
_update_graph,1784643693.4986084
_update_leds,1784643693.545141
_update_graph,1784643693.5464182
_update_leds,1784643693.5929732
_update_graph,1784643693.5943363
_update_leds,1784643693.6399791
_update_graph,1784643693.6408308
_update_leds,1784643693.6867833
_update_graph,1784643693.6882172
_update_leds,1784643693.734487
_update_graph,1784643693.7358437
_update_leds,1784643693.7821558
_update_graph,1784643693.78296
_update_leds,1784643693.829169
_update_graph,1784643693.8305273
_update_leds,1784643693.8763878
_update_graph,1784643693.8776422
_update_leds,1784643693.9231172
_update_graph,1784643693.9241018
_update_leds,1784643693.9706204
_update_graph,1784643693.972044
_update_leds,1784643694.0180657
_update_graph,1784643694.0193832
_update_leds,1784643694.065628
_update_graph,1784643694.0668216
_update_leds,1784643694.1140382
_update_graph,1784643694.1157627
_update_leds,1784643694.1621413
_update_graph,1784643694.163455
_update_leds,1784643694.2098358
_update_graph,1784643694.210697
_update_leds,1784643694.2580984
_update_graph,1784643694.2593474
_update_leds,1784643694.304479
_update_graph,1784643694.3059106
_update_leds,1784643694.3526287
_update_graph,1784643694.3538854
_update_leds,1784643694.4000757
_update_graph,1784643694.4009225
_update_leds,1784643694.4484046
_update_graph,1784643694.4496539
_update_leds,1784643694.4955666
_update_graph,1784643694.4968336
_update_leds,1784643694.5432131
_update_graph,1784643694.5444424
_update_leds,1784643694.5907707
_update_graph,1784643694.5916295
_update_leds,1784643694.6378906
_update_graph,1784643694.639233
_update_leds,1784643694.685088
_update_graph,1784643694.6862936
_update_leds,1784643694.732968
_update_graph,1784643694.7337625
_update_leds,1784643694.7801747
_update_graph,1784643694.781467
_update_leds,1784643694.827988
_update_graph,1784643694.8292427
_update_leds,1784643694.8744664
_update_graph,1784643694.8756618
_update_leds,1784643694.9206004
_update_graph,1784643694.9218783
_update_leds,1784643694.9679744
_update_graph,1784643694.9693553
_update_leds,1784643695.0152807
_update_graph,1784643695.016149
_update_leds,1784643695.0633795
_update_graph,1784643695.0646327
_update_leds,1784643695.1106057
_update_graph,1784643695.1119487
_update_leds,1784643695.1571784
_update_graph,1784643695.1582477
_update_leds,1784643695.2043471
_update_graph,1784643695.205606
_update_leds,1784643695.2518036
_update_graph,1784643695.2531676
_update_leds,1784643695.2994263
_update_graph,1784643695.3007572
_update_leds,1784643695.346984
_update_graph,1784643695.3483334
_update_leds,1784643695.3946502
_update_graph,1784643695.3958776
_update_leds,1784643695.4412458
_update_graph,1784643695.4425535
_update_leds,1784643695.4891663
_update_graph,1784643695.4901872
_update_leds,1784643695.536257
_update_graph,1784643695.5376933
_update_leds,1784643695.5832694
_update_graph,1784643695.584556
_update_leds,1784643695.6304665
_update_graph,1784643695.6317394
_update_leds,1784643695.6768448
_update_graph,1784643695.67811
_update_leds,1784643695.7226005
_update_graph,1784643695.7233894
_update_leds,1784643695.7677407
_update_graph,1784643695.769003
_update_leds,1784643695.8137317
_update_graph,1784643695.8150136
_update_leds,1784643695.8604722
_update_graph,1784643695.8622293
_update_leds,1784643695.906403
_update_graph,1784643695.9078746
_update_leds,1784643695.9520502
_update_graph,1784643695.9529035
_update_leds,1784643695.9977415
_update_graph,1784643695.999017
_update_leds,1784643696.0442338
_update_graph,1784643696.0454948
_update_leds,1784643696.0915463
_update_graph,1784643696.0928016
_update_leds,1784643696.1381028
_update_graph,1784643696.1389601
_update_leds,1784643696.18431
_update_graph,1784643696.1856716
_update_leds,1784643696.230748
_update_graph,1784643696.232095
_update_leds,1784643696.2768548
_update_graph,1784643696.2781415
_update_leds,1784643696.323295
_update_graph,1784643696.3243918
_update_leds,1784643696.3701801
_update_graph,1784643696.3714976
_update_leds,1784643696.4201002
_update_graph,1784643696.4217753
_update_leds,1784643696.4666727
_update_graph,1784643696.4679718
_update_leds,1784643696.5128834
_update_graph,1784643696.5137231
_update_leds,1784643696.5584974
_update_graph,1784643696.5597765
_update_leds,1784643696.604177
_update_graph,1784643696.6055262
_update_leds,1784643696.650859
_update_graph,1784643696.6521852
_update_leds,1784643696.6964986
_update_graph,1784643696.6977925
_update_leds,1784643696.7418566
_update_graph,1784643696.7431324
_update_leds,1784643696.7876344
_update_graph,1784643696.788803
_update_leds,1784643696.8332481
_update_graph,1784643696.8345346
_update_leds,1784643696.880248
_update_graph,1784643696.8822365
_update_leds,1784643696.9282677
_update_graph,1784643696.929534
_update_leds,1784643696.9748552
_update_graph,1784643696.9761841
_update_leds,1784643697.02165
_update_graph,1784643697.0229383
_update_leds,1784643697.0670729
_update_graph,1784643697.0683832
_update_leds,1784643697.1143184
_update_graph,1784643697.115639
_update_leds,1784643697.16072
_update_graph,1784643697.1619594
_update_leds,1784643697.208826
_update_graph,1784643697.210096
_update_leds,1784643697.2552018
_update_graph,1784643697.255977
_update_leds,1784643697.300762
_update_graph,1784643697.3020306
_update_leds,1784643697.3459861
_update_graph,1784643697.3472643
_update_leds,1784643697.3916206
_update_graph,1784643697.3928452
_update_leds,1784643697.4366975
_update_graph,1784643697.438148
_update_leds,1784643697.482762
_update_graph,1784643697.4836
_update_leds,1784643697.5286605
_update_graph,1784643697.529956
_update_leds,1784643697.5742056
_update_graph,1784643697.5750272
_update_leds,1784643697.620528
_update_graph,1784643697.6218727
_update_leds,1784643697.666542
_update_graph,1784643697.667862
_update_leds,1784643697.7121203
_update_graph,1784643697.712953
_update_leds,1784643697.7572706
_update_graph,1784643697.7581224
_update_leds,1784643697.802515
_update_graph,1784643697.8037212
_update_leds,1784643697.8470864
_update_graph,1784643697.8478703
_update_leds,1784643697.8915782
_update_graph,1784643697.892329
_update_leds,1784643697.9364557
_update_graph,1784643697.937808
_update_leds,1784643697.9831116
_update_graph,1784643697.9839802
_update_leds,1784643698.0283096
_update_graph,1784643698.0296187
_update_leds,1784643698.0736353
_update_graph,1784643698.0746746
